,precip_prob,forecast_time,temperature,feels_like,humidity,cloudiness,wind_speed,wind_gust,city,city_id
0,0.0,2022-06-15 15:00:00,26.1,26.1,35,0,1.15,2.37,Berlin,Q64
1,0.0,2022-06-15 18:00:00,25.27,24.79,36,19,2.9,3.11,Berlin,Q64
2,0.0,2022-06-15 21:00:00,20.79,20.2,49,23,3.78,8.92,Berlin,Q64
3,0.0,2022-06-16 00:00:00,15.84,15.15,64,31,2.66,5.99,Berlin,Q64
4,0.0,2022-06-16 03:00:00,15.35,14.66,66,100,1.84,2.54,Berlin,Q64
5,0.0,2022-06-16 06:00:00,17.61,16.97,59,100,2.72,3.27,Berlin,Q64
6,0.0,2022-06-16 09:00:00,22.17,21.62,45,90,3.5,3.86,Berlin,Q64
7,0.0,2022-06-16 12:00:00,24.82,24.3,36,86,4.94,4.43,Berlin,Q64
8,0.0,2022-06-16 15:00:00,22.33,21.61,38,72,5.64,6.64,Berlin,Q64
9,0.0,2022-06-16 18:00:00,20.54,19.69,40,38,5.19,6.23,Berlin,Q64
10,0.0,2022-06-16 21:00:00,16.24,15.46,59,26,2.66,5.5,Berlin,Q64
11,0.0,2022-06-17 00:00:00,14.59,13.83,66,63,2.44,4.72,Berlin,Q64
12,0.0,2022-06-17 03:00:00,13.25,12.64,77,100,2.85,6.01,Berlin,Q64
13,0.0,2022-06-17 06:00:00,16.23,15.5,61,66,3.67,5.92,Berlin,Q64
14,0.0,2022-06-17 09:00:00,21.08,20.29,40,72,3.37,4.16,Berlin,Q64
15,0.0,2022-06-17 12:00:00,24.61,23.91,30,77,2.46,3.16,Berlin,Q64
16,0.0,2022-06-17 15:00:00,25.49,24.83,28,100,3.27,3.84,Berlin,Q64
17,0.0,2022-06-17 18:00:00,23.2,22.54,37,100,2.35,3.47,Berlin,Q64
18,0.0,2022-06-17 21:00:00,20.23,19.51,46,100,0.33,0.53,Berlin,Q64
19,0.0,2022-06-18 00:00:00,19.9,19.2,48,100,2.13,4.39,Berlin,Q64
20,0.0,2022-06-18 03:00:00,18.05,17.43,58,65,2.45,5.93,Berlin,Q64
21,0.0,2022-06-18 06:00:00,22.14,21.64,47,36,4.21,7.69,Berlin,Q64
22,0.0,2022-06-18 09:00:00,28.42,27.57,33,0,4.14,6.64,Berlin,Q64
23,0.0,2022-06-18 12:00:00,31.99,30.59,28,18,4.86,7.18,Berlin,Q64
24,0.0,2022-06-18 15:00:00,32.68,31.48,29,40,4.92,6.63,Berlin,Q64
25,0.0,2022-06-18 18:00:00,30.68,30.01,36,37,2.99,5.23,Berlin,Q64
26,0.0,2022-06-18 21:00:00,25.4,25.3,50,3,1.19,1.95,Berlin,Q64
27,0.0,2022-06-19 00:00:00,23.05,22.93,58,4,1.01,1.56,Berlin,Q64
28,0.0,2022-06-19 03:00:00,21.68,21.44,59,4,2.94,8.32,Berlin,Q64
29,0.0,2022-06-19 06:00:00,26.18,26.18,45,7,4.77,10.51,Berlin,Q64
30,0.0,2022-06-19 09:00:00,32.01,30.61,28,9,4.44,7.06,Berlin,Q64
31,0.0,2022-06-19 12:00:00,34.8,33.06,22,6,2.81,5.98,Berlin,Q64
32,0.0,2022-06-19 15:00:00,29.38,29.21,42,2,6.71,7.12,Berlin,Q64
33,0.0,2022-06-19 18:00:00,24.25,24.11,53,34,5.57,6.38,Berlin,Q64
34,0.33,2022-06-19 21:00:00,17.01,16.52,67,96,4.58,8.04,Berlin,Q64
35,0.61,2022-06-20 00:00:00,14.25,13.95,85,84,3.07,5.06,Berlin,Q64
36,0.11,2022-06-20 03:00:00,13.41,12.95,82,75,2.87,5.54,Berlin,Q64
37,0.0,2022-06-20 06:00:00,15.29,14.52,63,88,2.8,3.87,Berlin,Q64
38,0.0,2022-06-20 09:00:00,20.28,19.3,36,75,1.89,2.25,Berlin,Q64
39,0.0,2022-06-20 12:00:00,20.23,19.2,34,87,2.12,1.61,Berlin,Q64
40,0.0,2022-06-15 15:00:00,22.52,22.0,45,0,3.05,2.6,Hamburg,Q1055
41,0.0,2022-06-15 18:00:00,21.31,20.8,50,12,3.54,6.28,Hamburg,Q1055
42,0.0,2022-06-15 21:00:00,16.01,15.6,74,58,2.13,4.03,Hamburg,Q1055
43,0.0,2022-06-16 00:00:00,12.08,11.56,85,91,1.49,1.6,Hamburg,Q1055
44,0.0,2022-06-16 03:00:00,11.15,10.51,84,100,1.65,2.15,Hamburg,Q1055
45,0.0,2022-06-16 06:00:00,14.1,13.37,69,100,2.63,4.2,Hamburg,Q1055
46,0.0,2022-06-16 09:00:00,18.29,17.35,45,95,3.55,4.65,Hamburg,Q1055
47,0.0,2022-06-16 12:00:00,21.21,20.48,42,72,3.65,4.84,Hamburg,Q1055
48,0.0,2022-06-16 15:00:00,21.44,20.76,43,17,5.16,4.96,Hamburg,Q1055
49,0.0,2022-06-16 18:00:00,17.25,16.62,61,22,4.4,6.14,Hamburg,Q1055
50,0.0,2022-06-16 21:00:00,12.39,11.85,83,97,1.97,4.74,Hamburg,Q1055
51,0.0,2022-06-17 00:00:00,11.9,11.39,86,99,2.17,5.45,Hamburg,Q1055
52,0.0,2022-06-17 03:00:00,9.9,9.27,96,46,1.77,1.72,Hamburg,Q1055
53,0.0,2022-06-17 06:00:00,15.43,14.86,70,55,2.52,4.17,Hamburg,Q1055
54,0.0,2022-06-17 09:00:00,20.55,19.97,50,75,2.35,3.16,Hamburg,Q1055
55,0.0,2022-06-17 12:00:00,21.77,21.28,49,88,3.66,4.29,Hamburg,Q1055
56,0.0,2022-06-17 15:00:00,22.07,21.77,55,100,3.01,4.47,Hamburg,Q1055
57,0.0,2022-06-17 18:00:00,18.88,18.78,75,100,0.3,0.59,Hamburg,Q1055
58,0.0,2022-06-17 21:00:00,17.57,17.39,77,97,2.36,5.53,Hamburg,Q1055
59,0.0,2022-06-18 00:00:00,15.54,15.16,77,63,2.91,10.89,Hamburg,Q1055
60,0.0,2022-06-18 03:00:00,14.73,14.24,76,3,2.87,10.85,Hamburg,Q1055
61,0.0,2022-06-18 06:00:00,19.6,19.29,64,3,3.53,7.05,Hamburg,Q1055
62,0.0,2022-06-18 09:00:00,25.58,25.45,48,50,4.03,6.23,Hamburg,Q1055
63,0.0,2022-06-18 12:00:00,27.87,27.98,46,43,4.57,6.71,Hamburg,Q1055
64,0.0,2022-06-18 15:00:00,26.98,27.46,51,10,4.37,5.65,Hamburg,Q1055
65,0.0,2022-06-18 18:00:00,22.59,22.6,65,6,2.93,3.96,Hamburg,Q1055
66,0.0,2022-06-18 21:00:00,16.98,16.9,83,28,2.47,5.83,Hamburg,Q1055
67,0.06,2022-06-19 00:00:00,15.8,15.52,80,64,2.35,4.95,Hamburg,Q1055
68,0.56,2022-06-19 03:00:00,13.04,12.83,93,96,3.49,6.79,Hamburg,Q1055
69,0.52,2022-06-19 06:00:00,14.65,14.39,85,89,4.85,6.96,Hamburg,Q1055
70,0.4,2022-06-19 09:00:00,17.14,16.84,74,100,3.66,4.21,Hamburg,Q1055
71,0.44,2022-06-19 12:00:00,21.24,21.04,62,100,3.05,2.86,Hamburg,Q1055
72,0.08,2022-06-19 15:00:00,17.12,16.87,76,100,3.9,4.71,Hamburg,Q1055
73,0.38,2022-06-19 18:00:00,14.85,14.53,82,100,3.48,5.17,Hamburg,Q1055
74,0.0,2022-06-19 21:00:00,10.41,9.75,86,62,1.99,3.92,Hamburg,Q1055
75,0.0,2022-06-20 00:00:00,11.87,11.15,78,81,2.12,6.79,Hamburg,Q1055
76,0.0,2022-06-20 03:00:00,8.09,7.53,95,53,1.45,1.66,Hamburg,Q1055
77,0.0,2022-06-20 06:00:00,12.8,11.99,71,61,2.04,3.83,Hamburg,Q1055
78,0.0,2022-06-20 09:00:00,17.85,16.97,49,94,2.25,2.49,Hamburg,Q1055
79,0.0,2022-06-20 12:00:00,20.93,20.15,41,82,2.83,2.7,Hamburg,Q1055
80,0.0,2022-06-15 15:00:00,28.33,28.19,43,12,2.45,5.05,Munich,Q1726
81,0.08,2022-06-15 18:00:00,26.33,26.33,53,11,1.02,2.13,Munich,Q1726
82,0.29,2022-06-15 21:00:00,21.06,21.1,72,6,1.97,2.52,Munich,Q1726
83,0.29,2022-06-16 00:00:00,15.98,15.91,87,2,2.33,3.32,Munich,Q1726
84,0.05,2022-06-16 03:00:00,14.81,14.72,91,7,2.35,4.36,Munich,Q1726
85,0.31,2022-06-16 06:00:00,17.86,17.89,84,35,2.36,5.48,Munich,Q1726
86,0.46,2022-06-16 09:00:00,23.97,23.96,59,31,4.54,6.85,Munich,Q1726
87,0.33,2022-06-16 12:00:00,25.43,25.41,53,48,4.97,7.35,Munich,Q1726
88,0.28,2022-06-16 15:00:00,25.71,25.64,50,32,5.65,9.27,Munich,Q1726
89,0.53,2022-06-16 18:00:00,20.0,20.07,77,36,2.94,6.29,Munich,Q1726
90,0.46,2022-06-16 21:00:00,16.54,16.42,83,66,1.54,1.79,Munich,Q1726
91,0.38,2022-06-17 00:00:00,14.91,14.68,85,80,0.94,1.08,Munich,Q1726
92,0.08,2022-06-17 03:00:00,13.3,12.91,85,71,0.85,0.98,Munich,Q1726
93,0.17,2022-06-17 06:00:00,16.01,15.73,79,85,1.23,2.45,Munich,Q1726
94,0.29,2022-06-17 09:00:00,21.79,21.43,54,47,2.11,2.74,Munich,Q1726
95,0.25,2022-06-17 12:00:00,24.23,23.86,44,45,2.86,4.24,Munich,Q1726
96,0.0,2022-06-17 15:00:00,23.85,23.44,44,98,2.77,3.21,Munich,Q1726
97,0.0,2022-06-17 18:00:00,20.0,19.75,65,99,1.85,2.92,Munich,Q1726
98,0.0,2022-06-17 21:00:00,15.74,15.2,70,88,1.3,1.42,Munich,Q1726
99,0.0,2022-06-18 00:00:00,15.57,15.04,71,92,1.47,1.65,Munich,Q1726
100,0.0,2022-06-18 03:00:00,15.26,14.77,74,95,1.5,1.62,Munich,Q1726
101,0.0,2022-06-18 06:00:00,19.07,18.76,66,82,0.96,1.26,Munich,Q1726
102,0.0,2022-06-18 09:00:00,24.32,24.01,46,38,2.37,2.51,Munich,Q1726
103,0.0,2022-06-18 12:00:00,26.82,26.78,41,24,3.36,3.42,Munich,Q1726
104,0.0,2022-06-18 15:00:00,26.5,26.5,46,2,4.12,4.61,Munich,Q1726
105,0.0,2022-06-18 18:00:00,22.39,22.46,68,2,3.39,8.39,Munich,Q1726
106,0.0,2022-06-18 21:00:00,17.61,17.54,81,3,2.98,8.75,Munich,Q1726
107,0.0,2022-06-19 00:00:00,15.74,15.62,86,1,1.86,3.46,Munich,Q1726
108,0.0,2022-06-19 03:00:00,15.97,15.71,80,25,2.14,2.47,Munich,Q1726
109,0.0,2022-06-19 06:00:00,21.68,21.63,66,15,1.81,3.51,Munich,Q1726
110,0.0,2022-06-19 09:00:00,28.81,28.98,46,2,1.85,3.46,Munich,Q1726
111,0.0,2022-06-19 12:00:00,32.28,31.99,36,1,2.2,4.58,Munich,Q1726
112,0.13,2022-06-19 15:00:00,31.77,31.95,40,1,4.09,5.91,Munich,Q1726
113,0.34,2022-06-19 18:00:00,22.15,22.2,68,38,4.5,9.78,Munich,Q1726
114,0.0,2022-06-19 21:00:00,19.92,19.72,67,58,2.83,5.42,Munich,Q1726
115,0.69,2022-06-20 00:00:00,18.41,18.71,92,55,3.91,12.18,Munich,Q1726
116,0.97,2022-06-20 03:00:00,18.41,18.68,91,100,3.6,10.95,Munich,Q1726
117,0.93,2022-06-20 06:00:00,20.55,20.83,83,67,3.03,9.68,Munich,Q1726
118,0.09,2022-06-20 09:00:00,25.64,25.67,54,6,5.32,7.41,Munich,Q1726
119,0.65,2022-06-20 12:00:00,24.65,24.89,66,17,4.46,5.35,Munich,Q1726
120,0.0,2022-06-15 15:00:00,27.93,27.09,31,0,3.5,2.96,Cologne,Q365
121,0.0,2022-06-15 18:00:00,26.86,26.58,36,3,3.79,5.73,Cologne,Q365
122,0.0,2022-06-15 21:00:00,22.13,21.68,49,16,2.5,6.44,Cologne,Q365
123,0.0,2022-06-16 00:00:00,16.26,15.82,72,37,1.31,4.38,Cologne,Q365
124,0.0,2022-06-16 03:00:00,14.54,14.16,81,55,1.42,2.18,Cologne,Q365
125,0.0,2022-06-16 06:00:00,17.7,17.22,65,29,2.44,4.29,Cologne,Q365
126,0.0,2022-06-16 09:00:00,22.43,21.9,45,63,3.63,4.5,Cologne,Q365
127,0.0,2022-06-16 12:00:00,25.22,24.58,30,47,3.92,4.15,Cologne,Q365
128,0.0,2022-06-16 15:00:00,25.96,25.96,27,30,3.87,3.98,Cologne,Q365
129,0.0,2022-06-16 18:00:00,23.25,22.7,41,57,2.66,4.09,Cologne,Q365
130,0.0,2022-06-16 21:00:00,17.71,17.1,60,92,1.18,3.01,Cologne,Q365
131,0.0,2022-06-17 00:00:00,15.71,15.14,69,77,1.5,2.15,Cologne,Q365
132,0.0,2022-06-17 03:00:00,15.78,15.14,66,100,1.41,2.07,Cologne,Q365
133,0.0,2022-06-17 06:00:00,18.66,18.02,55,91,1.97,3.0,Cologne,Q365
134,0.0,2022-06-17 09:00:00,23.53,23.01,41,99,2.11,2.48,Cologne,Q365
135,0.0,2022-06-17 12:00:00,27.71,26.93,31,99,1.02,1.78,Cologne,Q365
136,0.0,2022-06-17 15:00:00,29.01,27.88,30,92,1.51,2.81,Cologne,Q365
137,0.0,2022-06-17 18:00:00,27.37,27.2,41,82,0.68,1.41,Cologne,Q365
138,0.0,2022-06-17 21:00:00,21.58,21.2,54,97,1.8,2.65,Cologne,Q365
139,0.0,2022-06-18 00:00:00,19.5,19.18,64,70,2.14,3.22,Cologne,Q365
140,0.0,2022-06-18 03:00:00,18.14,17.81,69,3,2.25,4.04,Cologne,Q365
141,0.0,2022-06-18 06:00:00,22.23,22.0,57,1,2.29,3.72,Cologne,Q365
142,0.0,2022-06-18 09:00:00,29.83,28.99,35,2,2.03,2.96,Cologne,Q365
143,0.0,2022-06-18 12:00:00,33.91,32.69,27,2,2.47,2.94,Cologne,Q365
144,0.0,2022-06-18 15:00:00,34.44,33.36,27,2,2.47,2.97,Cologne,Q365
145,0.0,2022-06-18 18:00:00,32.52,32.15,35,1,1.99,3.47,Cologne,Q365
146,0.0,2022-06-18 21:00:00,25.69,25.65,51,0,2.12,3.36,Cologne,Q365
147,0.0,2022-06-19 00:00:00,22.91,22.67,54,0,2.84,8.06,Cologne,Q365
148,0.0,2022-06-19 03:00:00,20.5,20.28,64,1,2.92,6.88,Cologne,Q365
149,0.0,2022-06-19 06:00:00,24.07,23.97,55,3,3.16,6.62,Cologne,Q365
150,0.0,2022-06-19 09:00:00,30.47,30.0,38,4,3.13,4.03,Cologne,Q365
151,0.0,2022-06-19 12:00:00,31.04,30.96,40,24,3.3,4.63,Cologne,Q365
152,0.0,2022-06-19 15:00:00,30.6,30.82,43,17,4.54,4.44,Cologne,Q365
153,0.38,2022-06-19 18:00:00,25.97,25.97,66,20,2.68,5.55,Cologne,Q365
154,0.75,2022-06-19 21:00:00,19.81,19.99,82,6,3.64,7.83,Cologne,Q365
155,1.0,2022-06-20 00:00:00,16.5,16.69,95,38,1.81,4.43,Cologne,Q365
156,1.0,2022-06-20 03:00:00,15.79,15.96,97,84,1.29,1.99,Cologne,Q365
157,0.98,2022-06-20 06:00:00,14.81,14.83,95,91,3.48,5.04,Cologne,Q365
158,0.2,2022-06-20 09:00:00,13.74,13.42,86,100,3.16,4.82,Cologne,Q365
159,0.0,2022-06-20 12:00:00,19.35,18.83,57,94,2.22,3.16,Cologne,Q365
160,0.0,2022-06-15 15:00:00,31.42,29.74,25,0,0.47,2.79,Frankfurt am Main,Q1794
161,0.0,2022-06-15 18:00:00,30.08,28.83,30,1,2.04,3.14,Frankfurt am Main,Q1794
162,0.0,2022-06-15 21:00:00,24.64,24.39,47,3,1.42,2.02,Frankfurt am Main,Q1794
163,0.0,2022-06-16 00:00:00,18.35,18.09,71,10,2.0,3.81,Frankfurt am Main,Q1794
164,0.0,2022-06-16 03:00:00,16.58,16.33,78,38,2.07,4.4,Frankfurt am Main,Q1794
165,0.0,2022-06-16 06:00:00,20.23,19.88,60,50,2.82,4.97,Frankfurt am Main,Q1794
166,0.0,2022-06-16 09:00:00,25.1,24.76,42,39,3.39,4.29,Frankfurt am Main,Q1794
167,0.0,2022-06-16 12:00:00,28.16,27.17,29,32,3.28,5.27,Frankfurt am Main,Q1794
168,0.0,2022-06-16 15:00:00,28.39,27.17,25,30,4.44,4.8,Frankfurt am Main,Q1794
169,0.0,2022-06-16 18:00:00,24.46,23.88,35,31,4.03,5.63,Frankfurt am Main,Q1794
170,0.0,2022-06-16 21:00:00,18.17,17.48,55,98,2.47,6.24,Frankfurt am Main,Q1794
171,0.0,2022-06-17 00:00:00,15.59,14.88,64,82,1.81,3.47,Frankfurt am Main,Q1794
172,0.0,2022-06-17 03:00:00,14.51,13.82,69,100,1.85,3.25,Frankfurt am Main,Q1794
173,0.0,2022-06-17 06:00:00,17.17,16.51,60,100,1.87,2.63,Frankfurt am Main,Q1794
174,0.0,2022-06-17 09:00:00,23.55,23.0,40,100,1.57,1.55,Frankfurt am Main,Q1794
175,0.0,2022-06-17 12:00:00,27.4,26.64,29,100,0.89,1.97,Frankfurt am Main,Q1794
176,0.0,2022-06-17 15:00:00,28.43,27.32,28,99,1.44,3.13,Frankfurt am Main,Q1794
177,0.0,2022-06-17 18:00:00,26.31,26.31,39,98,2.1,2.39,Frankfurt am Main,Q1794
178,0.0,2022-06-17 21:00:00,21.69,21.17,48,98,1.46,2.14,Frankfurt am Main,Q1794
179,0.0,2022-06-18 00:00:00,19.0,18.44,57,71,1.17,1.27,Frankfurt am Main,Q1794
180,0.0,2022-06-18 03:00:00,17.52,17.0,64,7,1.4,1.56,Frankfurt am Main,Q1794
181,0.0,2022-06-18 06:00:00,21.96,21.52,50,13,1.39,2.47,Frankfurt am Main,Q1794
182,0.0,2022-06-18 09:00:00,29.08,27.94,30,2,2.08,2.81,Frankfurt am Main,Q1794
183,0.0,2022-06-18 12:00:00,33.63,31.76,22,1,2.31,2.55,Frankfurt am Main,Q1794
184,0.0,2022-06-18 15:00:00,34.86,33.13,22,0,2.43,2.29,Frankfurt am Main,Q1794
185,0.0,2022-06-18 18:00:00,31.52,30.62,33,0,3.33,4.7,Frankfurt am Main,Q1794
186,0.0,2022-06-18 21:00:00,24.63,24.58,55,0,2.42,6.72,Frankfurt am Main,Q1794
187,0.0,2022-06-19 00:00:00,21.76,21.64,63,2,1.44,2.92,Frankfurt am Main,Q1794
188,0.0,2022-06-19 03:00:00,19.01,18.87,73,0,1.55,2.89,Frankfurt am Main,Q1794
189,0.0,2022-06-19 06:00:00,23.22,23.03,55,0,2.44,4.78,Frankfurt am Main,Q1794
190,0.0,2022-06-19 09:00:00,30.82,29.94,34,0,5.32,8.09,Frankfurt am Main,Q1794
191,0.0,2022-06-19 12:00:00,35.33,34.34,26,3,5.41,8.01,Frankfurt am Main,Q1794
192,0.0,2022-06-19 15:00:00,35.76,34.92,26,3,5.6,7.67,Frankfurt am Main,Q1794
193,0.0,2022-06-19 18:00:00,32.55,32.19,35,11,5.05,7.7,Frankfurt am Main,Q1794
194,0.04,2022-06-19 21:00:00,26.48,26.48,54,2,2.17,5.03,Frankfurt am Main,Q1794
195,0.73,2022-06-20 00:00:00,21.35,21.79,86,51,2.37,4.73,Frankfurt am Main,Q1794
196,0.6,2022-06-20 03:00:00,19.61,20.03,92,91,0.86,2.97,Frankfurt am Main,Q1794
197,0.64,2022-06-20 06:00:00,21.57,21.79,77,50,2.13,4.63,Frankfurt am Main,Q1794
198,0.53,2022-06-20 09:00:00,24.46,24.48,58,30,4.36,6.92,Frankfurt am Main,Q1794
199,0.42,2022-06-20 12:00:00,25.58,25.32,43,32,5.67,7.76,Frankfurt am Main,Q1794
200,0.0,2022-06-15 15:00:00,30.37,29.46,34,0,1.79,3.39,Stuttgart,Q1022
201,0.0,2022-06-15 18:00:00,28.62,28.31,41,1,0.76,1.05,Stuttgart,Q1022
202,0.0,2022-06-15 21:00:00,23.37,23.15,53,0,1.1,1.21,Stuttgart,Q1022
203,0.0,2022-06-16 00:00:00,17.89,17.46,66,3,1.97,2.82,Stuttgart,Q1022
204,0.0,2022-06-16 03:00:00,16.81,16.58,78,10,1.75,2.39,Stuttgart,Q1022
205,0.0,2022-06-16 06:00:00,20.31,20.12,66,31,0.93,2.69,Stuttgart,Q1022
206,0.07,2022-06-16 09:00:00,24.83,24.7,51,22,3.41,4.74,Stuttgart,Q1022
207,0.0,2022-06-16 12:00:00,27.15,27.14,43,30,4.02,5.49,Stuttgart,Q1022
208,0.0,2022-06-16 15:00:00,27.88,27.5,39,45,3.62,5.78,Stuttgart,Q1022
209,0.0,2022-06-16 18:00:00,23.66,23.28,46,50,2.53,6.47,Stuttgart,Q1022
210,0.0,2022-06-16 21:00:00,18.65,18.03,56,99,0.7,1.25,Stuttgart,Q1022
211,0.0,2022-06-17 00:00:00,15.92,15.42,71,88,0.95,1.11,Stuttgart,Q1022
212,0.0,2022-06-17 03:00:00,15.01,14.47,73,100,0.19,0.46,Stuttgart,Q1022
213,0.0,2022-06-17 06:00:00,17.51,17.01,65,100,1.2,2.05,Stuttgart,Q1022
214,0.0,2022-06-17 09:00:00,22.59,22.18,49,97,1.92,2.01,Stuttgart,Q1022
215,0.0,2022-06-17 12:00:00,26.08,26.08,37,96,1.47,1.7,Stuttgart,Q1022
216,0.0,2022-06-17 15:00:00,25.95,25.95,36,100,1.52,1.62,Stuttgart,Q1022
217,0.0,2022-06-17 18:00:00,23.47,23.2,51,96,1.73,2.62,Stuttgart,Q1022
218,0.0,2022-06-17 21:00:00,18.49,18.01,62,92,1.24,1.22,Stuttgart,Q1022
219,0.0,2022-06-18 00:00:00,16.78,16.26,67,88,1.63,1.61,Stuttgart,Q1022
220,0.0,2022-06-18 03:00:00,15.52,14.93,69,20,1.65,1.63,Stuttgart,Q1022
221,0.0,2022-06-18 06:00:00,19.97,19.54,58,17,1.48,2.45,Stuttgart,Q1022
222,0.0,2022-06-18 09:00:00,27.11,26.89,39,5,2.04,3.04,Stuttgart,Q1022
223,0.0,2022-06-18 12:00:00,30.57,29.57,33,4,3.11,3.42,Stuttgart,Q1022
224,0.0,2022-06-18 15:00:00,30.87,30.23,36,4,3.45,4.1,Stuttgart,Q1022
225,0.0,2022-06-18 18:00:00,27.01,27.68,54,3,2.71,5.52,Stuttgart,Q1022
226,0.0,2022-06-18 21:00:00,20.48,20.54,75,2,1.69,2.05,Stuttgart,Q1022
227,0.0,2022-06-19 00:00:00,18.31,18.29,80,10,1.76,2.28,Stuttgart,Q1022
228,0.0,2022-06-19 03:00:00,16.73,16.68,85,19,1.98,3.71,Stuttgart,Q1022
229,0.0,2022-06-19 06:00:00,22.04,22.0,65,10,2.09,3.92,Stuttgart,Q1022
230,0.0,2022-06-19 09:00:00,30.47,30.8,44,0,3.5,6.67,Stuttgart,Q1022
231,0.0,2022-06-19 12:00:00,34.43,33.87,30,0,4.78,6.56,Stuttgart,Q1022
232,0.0,2022-06-19 15:00:00,34.38,33.99,31,0,5.13,7.34,Stuttgart,Q1022
233,0.0,2022-06-19 18:00:00,29.74,30.25,47,0,2.59,5.71,Stuttgart,Q1022
234,0.35,2022-06-19 21:00:00,24.14,24.15,59,0,2.26,3.38,Stuttgart,Q1022
235,0.54,2022-06-20 00:00:00,21.76,21.92,74,36,2.31,6.17,Stuttgart,Q1022
236,0.84,2022-06-20 03:00:00,18.51,18.84,93,98,1.68,3.35,Stuttgart,Q1022
237,0.72,2022-06-20 06:00:00,20.9,21.21,83,65,1.65,4.1,Stuttgart,Q1022
238,0.03,2022-06-20 09:00:00,25.37,25.32,52,79,4.01,6.7,Stuttgart,Q1022
239,0.28,2022-06-20 12:00:00,23.35,23.15,54,66,4.56,7.83,Stuttgart,Q1022
240,0.0,2022-06-15 15:00:00,27.32,26.95,37,0,2.95,2.24,Düsseldorf,Q1718
241,0.0,2022-06-15 18:00:00,26.38,26.38,39,4,3.83,5.2,Düsseldorf,Q1718
242,0.0,2022-06-15 21:00:00,22.02,21.61,51,10,3.14,8.08,Düsseldorf,Q1718
243,0.0,2022-06-16 00:00:00,16.64,16.24,72,40,3.07,7.93,Düsseldorf,Q1718
244,0.0,2022-06-16 03:00:00,14.87,14.48,79,89,2.23,5.41,Düsseldorf,Q1718
245,0.0,2022-06-16 06:00:00,16.87,16.31,65,46,2.99,5.01,Düsseldorf,Q1718
246,0.0,2022-06-16 09:00:00,21.6,20.96,44,21,3.29,4.25,Düsseldorf,Q1718
247,0.0,2022-06-16 12:00:00,24.65,23.93,29,17,3.27,3.6,Düsseldorf,Q1718
248,0.0,2022-06-16 15:00:00,25.18,24.56,31,54,3.71,3.61,Düsseldorf,Q1718
249,0.0,2022-06-16 18:00:00,23.15,22.59,41,58,3.26,3.51,Düsseldorf,Q1718
250,0.0,2022-06-16 21:00:00,18.68,18.12,58,100,1.84,4.38,Düsseldorf,Q1718
251,0.0,2022-06-17 00:00:00,16.8,16.23,65,83,1.76,3.76,Düsseldorf,Q1718
252,0.0,2022-06-17 03:00:00,16.82,16.23,64,100,1.51,2.68,Düsseldorf,Q1718
253,0.0,2022-06-17 06:00:00,19.19,18.57,54,92,1.99,3.15,Düsseldorf,Q1718
254,0.0,2022-06-17 09:00:00,22.92,22.36,42,99,2.6,3.34,Düsseldorf,Q1718
255,0.0,2022-06-17 12:00:00,24.33,23.81,38,99,1.65,2.81,Düsseldorf,Q1718
256,0.0,2022-06-17 15:00:00,28.04,27.22,32,100,2.21,2.93,Düsseldorf,Q1718
257,0.0,2022-06-17 18:00:00,27.11,26.94,40,97,0.42,0.95,Düsseldorf,Q1718
258,0.0,2022-06-17 21:00:00,22.54,22.13,49,99,2.03,2.74,Düsseldorf,Q1718
259,0.0,2022-06-18 00:00:00,20.35,20.01,60,65,2.32,4.85,Düsseldorf,Q1718
260,0.0,2022-06-18 03:00:00,18.89,18.58,67,1,2.17,4.82,Düsseldorf,Q1718
261,0.0,2022-06-18 06:00:00,22.22,21.99,57,1,2.49,3.99,Düsseldorf,Q1718
262,0.0,2022-06-18 09:00:00,28.75,28.28,39,7,2.47,3.7,Düsseldorf,Q1718
263,0.0,2022-06-18 12:00:00,32.39,31.53,32,4,2.74,3.3,Düsseldorf,Q1718
264,0.0,2022-06-18 15:00:00,33.68,32.7,29,1,2.14,3.09,Düsseldorf,Q1718
265,0.0,2022-06-18 18:00:00,32.48,31.94,34,0,0.99,1.69,Düsseldorf,Q1718
266,0.0,2022-06-18 21:00:00,26.72,27.0,47,0,1.83,1.93,Düsseldorf,Q1718
267,0.0,2022-06-19 00:00:00,24.86,24.71,50,0,3.41,11.29,Düsseldorf,Q1718
268,0.0,2022-06-19 03:00:00,22.66,22.42,55,2,3.4,10.19,Düsseldorf,Q1718
269,0.0,2022-06-19 06:00:00,24.64,24.52,52,7,0.9,2.31,Düsseldorf,Q1718
270,0.0,2022-06-19 09:00:00,29.94,29.4,38,3,1.58,2.31,Düsseldorf,Q1718
271,0.0,2022-06-19 12:00:00,30.07,29.77,40,32,2.92,3.32,Düsseldorf,Q1718
272,0.0,2022-06-19 15:00:00,29.7,29.57,42,62,3.54,2.67,Düsseldorf,Q1718
273,0.5,2022-06-19 18:00:00,25.03,25.23,63,44,4.04,6.61,Düsseldorf,Q1718
274,0.91,2022-06-19 21:00:00,17.57,17.68,88,1,4.99,10.19,Düsseldorf,Q1718
275,0.93,2022-06-20 00:00:00,15.52,15.37,86,34,3.58,6.98,Düsseldorf,Q1718
276,1.0,2022-06-20 03:00:00,14.13,14.08,95,89,2.86,6.14,Düsseldorf,Q1718
277,1.0,2022-06-20 06:00:00,12.76,12.47,91,94,3.72,7.47,Düsseldorf,Q1718
278,0.0,2022-06-20 09:00:00,13.95,13.44,78,100,3.1,4.63,Düsseldorf,Q1718
279,0.0,2022-06-20 12:00:00,19.81,19.18,51,87,2.52,3.01,Düsseldorf,Q1718
280,0.0,2022-06-15 15:00:00,26.88,26.78,40,0,2.95,3.23,Dortmund,Q1295
281,0.0,2022-06-15 18:00:00,25.9,25.62,41,7,3.24,4.44,Dortmund,Q1295
282,0.0,2022-06-15 21:00:00,21.02,20.69,58,23,2.89,8.06,Dortmund,Q1295
283,0.0,2022-06-16 00:00:00,14.57,14.17,80,43,2.46,6.64,Dortmund,Q1295
284,0.0,2022-06-16 03:00:00,13.17,12.74,84,99,1.82,4.49,Dortmund,Q1295
285,0.0,2022-06-16 06:00:00,15.54,14.82,64,59,1.95,3.47,Dortmund,Q1295
286,0.0,2022-06-16 09:00:00,20.57,19.86,45,5,2.96,3.84,Dortmund,Q1295
287,0.0,2022-06-16 12:00:00,23.61,22.81,30,5,3.33,4.04,Dortmund,Q1295
288,0.0,2022-06-16 15:00:00,24.24,23.56,32,45,3.8,4.01,Dortmund,Q1295
289,0.0,2022-06-16 18:00:00,22.04,21.47,45,59,2.89,3.17,Dortmund,Q1295
290,0.0,2022-06-16 21:00:00,17.11,16.6,66,87,1.66,2.69,Dortmund,Q1295
291,0.0,2022-06-17 00:00:00,15.14,14.69,76,78,1.6,1.87,Dortmund,Q1295
292,0.0,2022-06-17 03:00:00,14.71,14.17,74,100,1.39,1.37,Dortmund,Q1295
293,0.0,2022-06-17 06:00:00,18.27,17.69,59,100,0.81,1.16,Dortmund,Q1295
294,0.0,2022-06-17 09:00:00,23.73,23.26,42,99,1.59,1.89,Dortmund,Q1295
295,0.0,2022-06-17 12:00:00,24.24,23.76,40,99,0.84,1.92,Dortmund,Q1295
296,0.0,2022-06-17 15:00:00,28.45,27.38,29,100,1.41,2.93,Dortmund,Q1295
297,0.0,2022-06-17 18:00:00,25.55,25.15,38,100,1.23,2.44,Dortmund,Q1295
298,0.0,2022-06-17 21:00:00,20.69,20.2,53,100,2.01,2.01,Dortmund,Q1295
299,0.0,2022-06-18 00:00:00,19.62,19.02,53,55,2.5,6.81,Dortmund,Q1295
300,0.0,2022-06-18 03:00:00,18.59,18.12,62,3,2.2,5.22,Dortmund,Q1295
301,0.0,2022-06-18 06:00:00,23.05,22.82,54,2,2.64,5.82,Dortmund,Q1295
302,0.0,2022-06-18 09:00:00,29.39,28.73,37,37,3.48,5.17,Dortmund,Q1295
303,0.0,2022-06-18 12:00:00,33.06,31.68,27,20,3.22,4.49,Dortmund,Q1295
304,0.0,2022-06-18 15:00:00,34.06,32.59,25,3,2.96,3.84,Dortmund,Q1295
305,0.0,2022-06-18 18:00:00,32.01,31.07,32,2,0.85,2.04,Dortmund,Q1295
306,0.0,2022-06-18 21:00:00,25.51,25.53,54,1,1.42,1.45,Dortmund,Q1295
307,0.0,2022-06-19 00:00:00,23.41,23.19,53,4,1.79,9.64,Dortmund,Q1295
308,0.0,2022-06-19 03:00:00,21.36,21.14,61,3,0.66,1.37,Dortmund,Q1295
309,0.0,2022-06-19 06:00:00,22.82,22.67,58,47,3.11,2.77,Dortmund,Q1295
310,0.0,2022-06-19 09:00:00,27.33,27.41,45,8,2.86,3.67,Dortmund,Q1295
311,0.0,2022-06-19 12:00:00,28.78,28.56,42,44,4.34,2.81,Dortmund,Q1295
312,0.0,2022-06-19 15:00:00,28.14,28.09,44,73,5.37,4.04,Dortmund,Q1295
313,0.12,2022-06-19 18:00:00,25.15,25.13,54,42,4.32,4.09,Dortmund,Q1295
314,0.74,2022-06-19 21:00:00,16.2,16.17,88,35,3.71,7.79,Dortmund,Q1295
315,0.67,2022-06-20 00:00:00,13.97,13.67,86,57,3.65,6.96,Dortmund,Q1295
316,0.79,2022-06-20 03:00:00,12.71,12.54,96,96,2.9,6.45,Dortmund,Q1295
317,0.97,2022-06-20 06:00:00,12.0,11.71,94,98,2.91,6.25,Dortmund,Q1295
318,0.16,2022-06-20 09:00:00,12.67,12.29,88,100,2.46,4.57,Dortmund,Q1295
319,0.01,2022-06-20 12:00:00,15.4,14.72,66,98,2.24,2.58,Dortmund,Q1295
320,0.0,2022-06-15 15:00:00,27.21,27.02,40,14,2.74,2.38,Essen,Q2066
321,0.0,2022-06-15 18:00:00,26.12,26.12,41,16,3.58,5.21,Essen,Q2066
322,0.0,2022-06-15 21:00:00,21.29,20.88,54,15,3.32,8.94,Essen,Q2066
323,0.0,2022-06-16 00:00:00,15.71,15.29,75,39,2.98,8.1,Essen,Q2066
324,0.0,2022-06-16 03:00:00,13.92,13.43,79,99,2.24,5.54,Essen,Q2066
325,0.0,2022-06-16 06:00:00,16.15,15.49,64,50,2.52,4.17,Essen,Q2066
326,0.0,2022-06-16 09:00:00,20.89,20.13,42,5,3.06,3.99,Essen,Q2066
327,0.0,2022-06-16 12:00:00,24.01,23.22,29,5,3.08,3.68,Essen,Q2066
328,0.0,2022-06-16 15:00:00,24.49,23.86,33,46,3.77,3.72,Essen,Q2066
329,0.0,2022-06-16 18:00:00,22.29,21.72,44,62,2.96,3.21,Essen,Q2066
330,0.0,2022-06-16 21:00:00,17.85,17.31,62,98,1.83,4.43,Essen,Q2066
331,0.0,2022-06-17 00:00:00,15.91,15.38,70,80,1.89,4.16,Essen,Q2066
332,0.0,2022-06-17 03:00:00,15.76,15.19,69,100,1.37,1.38,Essen,Q2066
333,0.0,2022-06-17 06:00:00,18.93,18.37,57,96,1.01,1.69,Essen,Q2066
334,0.0,2022-06-17 09:00:00,23.23,22.73,43,99,2.06,2.7,Essen,Q2066
335,0.0,2022-06-17 12:00:00,26.42,26.42,31,99,2.43,2.66,Essen,Q2066
336,0.0,2022-06-17 15:00:00,27.66,26.77,28,100,2.52,3.12,Essen,Q2066
337,0.0,2022-06-17 18:00:00,25.82,25.53,41,100,0.7,1.91,Essen,Q2066
338,0.0,2022-06-17 21:00:00,21.39,20.94,52,99,2.07,2.64,Essen,Q2066
339,0.0,2022-06-18 00:00:00,19.79,19.26,55,60,2.39,6.34,Essen,Q2066
340,0.0,2022-06-18 03:00:00,18.58,18.22,66,0,2.39,7.0,Essen,Q2066
341,0.0,2022-06-18 06:00:00,22.25,21.99,56,2,3.1,6.22,Essen,Q2066
342,0.0,2022-06-18 09:00:00,28.66,28.11,38,32,3.24,5.06,Essen,Q2066
343,0.0,2022-06-18 12:00:00,32.45,31.34,30,17,3.21,4.27,Essen,Q2066
344,0.0,2022-06-18 15:00:00,33.46,32.28,28,2,2.56,3.57,Essen,Q2066
345,0.0,2022-06-18 18:00:00,31.71,31.1,35,2,1.19,2.25,Essen,Q2066
346,0.0,2022-06-18 21:00:00,25.84,25.76,49,2,1.77,1.88,Essen,Q2066
347,0.0,2022-06-19 00:00:00,23.38,23.24,56,2,0.82,2.93,Essen,Q2066
348,0.0,2022-06-19 03:00:00,21.42,21.21,61,6,1.64,3.88,Essen,Q2066
349,0.0,2022-06-19 06:00:00,22.1,21.96,61,24,2.56,2.92,Essen,Q2066
350,0.0,2022-06-19 09:00:00,27.18,27.22,44,8,2.24,3.18,Essen,Q2066
351,0.0,2022-06-19 12:00:00,28.62,28.49,43,49,2.25,2.34,Essen,Q2066
352,0.0,2022-06-19 15:00:00,28.41,28.27,43,79,3.63,2.56,Essen,Q2066
353,0.26,2022-06-19 18:00:00,24.71,24.7,56,53,4.74,5.18,Essen,Q2066
354,0.75,2022-06-19 21:00:00,15.91,15.88,89,27,4.61,9.47,Essen,Q2066
355,0.72,2022-06-20 00:00:00,14.79,14.44,81,55,3.95,7.83,Essen,Q2066
356,0.84,2022-06-20 03:00:00,12.83,12.62,94,75,3.34,7.59,Essen,Q2066
357,1.0,2022-06-20 06:00:00,12.27,11.95,92,85,3.31,7.31,Essen,Q2066
358,0.04,2022-06-20 09:00:00,13.07,12.57,82,100,2.92,4.84,Essen,Q2066
359,0.0,2022-06-20 12:00:00,18.22,17.51,54,92,2.51,2.67,Essen,Q2066
360,0.0,2022-06-15 15:00:00,28.78,27.69,30,0,1.84,2.9,Leipzig,Q2079
361,0.0,2022-06-15 18:00:00,27.16,26.74,35,18,2.14,2.21,Leipzig,Q2079
362,0.0,2022-06-15 21:00:00,21.63,21.05,46,62,2.34,2.65,Leipzig,Q2079
363,0.0,2022-06-16 00:00:00,15.5,14.78,64,81,1.01,1.62,Leipzig,Q2079
364,0.0,2022-06-16 03:00:00,13.57,12.86,72,79,2.24,2.57,Leipzig,Q2079
365,0.36,2022-06-16 06:00:00,16.14,15.79,76,81,4.0,5.88,Leipzig,Q2079
366,0.75,2022-06-16 09:00:00,20.3,19.9,58,97,3.95,4.94,Leipzig,Q2079
367,0.49,2022-06-16 12:00:00,24.71,24.2,37,77,5.57,6.11,Leipzig,Q2079
368,0.0,2022-06-16 15:00:00,24.9,24.31,33,0,6.27,6.87,Leipzig,Q2079
369,0.0,2022-06-16 18:00:00,21.87,21.18,41,1,4.8,8.18,Leipzig,Q2079
370,0.0,2022-06-16 21:00:00,14.8,13.82,57,44,1.93,2.15,Leipzig,Q2079
371,0.0,2022-06-17 00:00:00,13.33,12.36,63,72,0.99,1.07,Leipzig,Q2079
372,0.0,2022-06-17 03:00:00,12.09,11.18,70,100,1.47,1.56,Leipzig,Q2079
373,0.0,2022-06-17 06:00:00,16.15,15.44,62,73,2.22,2.65,Leipzig,Q2079
374,0.0,2022-06-17 09:00:00,20.5,19.83,47,93,2.75,3.12,Leipzig,Q2079
375,0.0,2022-06-17 12:00:00,23.98,23.3,33,87,2.87,3.16,Leipzig,Q2079
376,0.0,2022-06-17 15:00:00,24.83,24.2,32,100,2.81,3.59,Leipzig,Q2079
377,0.0,2022-06-17 18:00:00,22.63,22.15,46,98,1.93,2.14,Leipzig,Q2079
378,0.0,2022-06-17 21:00:00,17.44,16.73,57,85,0.43,0.63,Leipzig,Q2079
379,0.0,2022-06-18 00:00:00,18.46,17.77,54,88,2.68,3.78,Leipzig,Q2079
380,0.0,2022-06-18 03:00:00,16.4,15.69,61,68,3.18,4.21,Leipzig,Q2079
381,0.0,2022-06-18 06:00:00,21.91,21.41,48,40,4.32,6.74,Leipzig,Q2079
382,0.0,2022-06-18 09:00:00,28.27,27.57,35,0,4.88,5.77,Leipzig,Q2079
383,0.0,2022-06-18 12:00:00,31.76,30.44,29,3,5.08,5.86,Leipzig,Q2079
384,0.0,2022-06-18 15:00:00,32.42,31.18,29,59,4.43,5.07,Leipzig,Q2079
385,0.0,2022-06-18 18:00:00,29.31,29.03,41,34,2.37,3.37,Leipzig,Q2079
386,0.0,2022-06-18 21:00:00,23.25,23.04,54,1,2.45,2.49,Leipzig,Q2079
387,0.0,2022-06-19 00:00:00,21.12,20.85,60,1,3.64,6.05,Leipzig,Q2079
388,0.0,2022-06-19 03:00:00,19.39,19.03,63,4,3.77,8.86,Leipzig,Q2079
389,0.0,2022-06-19 06:00:00,25.02,24.83,48,4,4.49,8.34,Leipzig,Q2079
390,0.0,2022-06-19 09:00:00,31.38,30.34,32,1,5.52,7.01,Leipzig,Q2079
391,0.0,2022-06-19 12:00:00,35.19,33.67,23,0,4.3,6.39,Leipzig,Q2079
392,0.0,2022-06-19 15:00:00,34.8,34.19,29,2,7.26,8.93,Leipzig,Q2079
393,0.12,2022-06-19 18:00:00,30.76,30.75,41,2,4.74,7.54,Leipzig,Q2079
394,0.91,2022-06-19 21:00:00,19.36,19.7,90,19,3.5,6.83,Leipzig,Q2079
395,0.96,2022-06-20 00:00:00,15.92,16.05,95,35,3.48,6.08,Leipzig,Q2079
396,0.51,2022-06-20 03:00:00,14.12,14.07,95,100,1.9,3.11,Leipzig,Q2079
397,0.22,2022-06-20 06:00:00,14.87,14.71,88,100,3.39,3.83,Leipzig,Q2079
398,0.13,2022-06-20 09:00:00,15.3,15.0,81,100,1.7,1.54,Leipzig,Q2079
399,0.04,2022-06-20 12:00:00,18.45,18.07,66,98,2.58,1.84,Leipzig,Q2079
400,0.01,2022-06-15 15:00:00,26.98,27.17,46,20,3.36,2.95,Vienna,Q1741
401,0.01,2022-06-15 18:00:00,25.66,25.56,49,18,2.85,6.49,Vienna,Q1741
402,0.0,2022-06-15 21:00:00,21.33,21.24,66,13,1.98,5.15,Vienna,Q1741
403,0.0,2022-06-16 00:00:00,16.3,16.21,85,8,0.72,1.67,Vienna,Q1741
404,0.0,2022-06-16 03:00:00,14.94,14.84,90,22,0.12,0.92,Vienna,Q1741
405,0.0,2022-06-16 06:00:00,19.68,19.53,70,22,0.92,1.17,Vienna,Q1741
406,0.02,2022-06-16 09:00:00,26.21,26.21,49,17,1.09,1.89,Vienna,Q1741
407,0.04,2022-06-16 12:00:00,29.95,29.21,36,29,0.97,5.06,Vienna,Q1741
408,0.64,2022-06-16 15:00:00,26.96,27.26,48,53,4.95,8.7,Vienna,Q1741
409,1.0,2022-06-16 18:00:00,19.09,19.25,84,75,1.65,3.65,Vienna,Q1741
410,0.29,2022-06-16 21:00:00,17.65,17.66,84,42,3.74,9.31,Vienna,Q1741
411,0.18,2022-06-17 00:00:00,16.7,16.51,80,25,4.05,10.0,Vienna,Q1741
412,0.0,2022-06-17 03:00:00,15.11,14.87,84,66,2.96,7.31,Vienna,Q1741
413,0.0,2022-06-17 06:00:00,17.75,17.38,69,83,4.01,8.09,Vienna,Q1741
414,0.0,2022-06-17 09:00:00,21.66,21.11,47,100,5.16,8.21,Vienna,Q1741
415,0.0,2022-06-17 12:00:00,24.29,23.74,37,98,5.56,8.46,Vienna,Q1741
416,0.04,2022-06-17 15:00:00,24.56,24.01,36,7,5.51,8.35,Vienna,Q1741
417,0.04,2022-06-17 18:00:00,21.08,20.58,51,44,2.86,7.07,Vienna,Q1741
418,0.0,2022-06-17 21:00:00,16.95,16.48,68,99,0.9,1.1,Vienna,Q1741
419,0.0,2022-06-18 00:00:00,15.53,15.02,72,99,0.91,1.09,Vienna,Q1741
420,0.0,2022-06-18 03:00:00,14.39,13.87,76,72,0.98,1.09,Vienna,Q1741
421,0.0,2022-06-18 06:00:00,19.39,18.93,59,46,1.07,1.75,Vienna,Q1741
422,0.0,2022-06-18 09:00:00,25.0,24.6,40,7,1.49,2.55,Vienna,Q1741
423,0.0,2022-06-18 12:00:00,27.81,27.0,31,8,2.16,2.73,Vienna,Q1741
424,0.0,2022-06-18 15:00:00,28.23,27.31,31,2,1.96,2.12,Vienna,Q1741
425,0.0,2022-06-18 18:00:00,24.21,23.91,47,1,2.0,3.73,Vienna,Q1741
426,0.0,2022-06-18 21:00:00,20.17,19.65,54,0,1.86,2.38,Vienna,Q1741
427,0.0,2022-06-19 00:00:00,18.05,17.56,63,0,1.78,2.56,Vienna,Q1741
428,0.0,2022-06-19 03:00:00,16.59,16.21,73,1,2.17,4.36,Vienna,Q1741
429,0.0,2022-06-19 06:00:00,22.07,21.77,55,1,5.27,12.1,Vienna,Q1741
430,0.0,2022-06-19 09:00:00,27.76,27.17,35,4,7.42,10.1,Vienna,Q1741
431,0.0,2022-06-19 12:00:00,31.83,30.32,27,3,6.19,6.92,Vienna,Q1741
432,0.0,2022-06-19 15:00:00,32.12,30.84,29,0,5.8,6.47,Vienna,Q1741
433,0.0,2022-06-19 18:00:00,27.19,27.0,40,0,4.67,9.37,Vienna,Q1741
434,0.0,2022-06-19 21:00:00,23.02,22.76,53,0,1.91,3.42,Vienna,Q1741
435,0.0,2022-06-20 00:00:00,21.31,21.12,62,9,0.34,0.93,Vienna,Q1741
436,0.12,2022-06-20 03:00:00,19.98,19.81,68,51,0.39,0.78,Vienna,Q1741
437,0.53,2022-06-20 06:00:00,23.57,23.94,75,60,2.79,9.21,Vienna,Q1741
438,0.14,2022-06-20 09:00:00,29.13,29.59,48,97,5.93,8.73,Vienna,Q1741
439,0.01,2022-06-20 12:00:00,31.9,32.31,41,92,3.99,5.29,Vienna,Q1741
440,0.2,2022-06-15 15:00:00,26.57,26.57,52,20,2.77,2.45,Graz,Q13298
441,0.35,2022-06-15 18:00:00,24.86,24.92,58,17,2.17,4.67,Graz,Q13298
442,0.58,2022-06-15 21:00:00,20.06,20.11,76,11,0.99,1.14,Graz,Q13298
443,0.39,2022-06-16 00:00:00,15.51,15.49,91,3,0.92,0.99,Graz,Q13298
444,0.0,2022-06-16 03:00:00,14.58,14.47,91,7,1.17,1.15,Graz,Q13298
445,0.0,2022-06-16 06:00:00,19.58,19.47,72,7,0.61,1.25,Graz,Q13298
446,0.08,2022-06-16 09:00:00,25.91,25.81,48,30,1.25,1.51,Graz,Q13298
447,0.35,2022-06-16 12:00:00,21.89,21.99,71,63,0.65,1.07,Graz,Q13298
448,0.98,2022-06-16 15:00:00,19.97,20.42,92,74,1.05,1.99,Graz,Q13298
449,1.0,2022-06-16 18:00:00,19.56,19.97,92,76,0.4,2.25,Graz,Q13298
450,0.84,2022-06-16 21:00:00,16.61,16.75,93,80,1.5,1.75,Graz,Q13298
451,0.79,2022-06-17 00:00:00,15.34,15.38,94,82,2.05,2.66,Graz,Q13298
452,0.01,2022-06-17 03:00:00,14.32,14.21,92,90,2.0,2.57,Graz,Q13298
453,0.02,2022-06-17 06:00:00,17.11,17.1,85,95,1.0,1.87,Graz,Q13298
454,0.33,2022-06-17 09:00:00,21.56,21.34,60,100,0.53,2.39,Graz,Q13298
455,0.45,2022-06-17 12:00:00,25.28,24.96,42,87,0.92,4.51,Graz,Q13298
456,0.28,2022-06-17 15:00:00,24.46,24.14,45,67,2.98,6.37,Graz,Q13298
457,0.32,2022-06-17 18:00:00,19.48,19.39,73,79,0.54,1.9,Graz,Q13298
458,0.0,2022-06-17 21:00:00,16.0,15.8,82,97,0.95,1.03,Graz,Q13298
459,0.0,2022-06-18 00:00:00,14.77,14.5,84,97,1.08,1.07,Graz,Q13298
460,0.0,2022-06-18 03:00:00,13.95,13.59,84,90,1.39,1.34,Graz,Q13298
461,0.0,2022-06-18 06:00:00,18.84,18.48,65,73,0.62,1.17,Graz,Q13298
462,0.0,2022-06-18 09:00:00,24.61,24.33,46,20,0.6,2.52,Graz,Q13298
463,0.0,2022-06-18 12:00:00,26.27,26.27,42,33,2.4,2.93,Graz,Q13298
464,0.0,2022-06-18 15:00:00,26.91,26.85,41,41,2.3,2.06,Graz,Q13298
465,0.0,2022-06-18 18:00:00,21.59,21.61,69,28,1.76,4.0,Graz,Q13298
466,0.0,2022-06-18 21:00:00,17.68,17.57,79,0,0.84,1.0,Graz,Q13298
467,0.0,2022-06-19 00:00:00,16.37,16.2,82,0,0.9,0.89,Graz,Q13298
468,0.0,2022-06-19 03:00:00,15.28,15.08,85,0,0.62,0.7,Graz,Q13298
469,0.0,2022-06-19 06:00:00,20.14,20.01,69,0,1.05,1.47,Graz,Q13298
470,0.0,2022-06-19 09:00:00,25.04,24.91,50,6,1.9,3.09,Graz,Q13298
471,0.0,2022-06-19 12:00:00,29.18,28.53,37,3,2.45,3.34,Graz,Q13298
472,0.0,2022-06-19 15:00:00,29.71,28.96,36,0,2.95,3.03,Graz,Q13298
473,0.0,2022-06-19 18:00:00,23.82,23.85,61,0,1.1,1.24,Graz,Q13298
474,0.0,2022-06-19 21:00:00,19.95,19.75,67,30,1.25,1.24,Graz,Q13298
475,0.0,2022-06-20 00:00:00,19.51,19.37,71,62,1.23,1.3,Graz,Q13298
476,0.05,2022-06-20 03:00:00,19.01,19.06,80,100,1.47,1.76,Graz,Q13298
477,0.13,2022-06-20 06:00:00,24.39,24.56,64,77,1.4,2.77,Graz,Q13298
478,0.0,2022-06-20 09:00:00,30.72,31.14,44,76,0.9,1.6,Graz,Q13298
479,0.2,2022-06-20 12:00:00,32.24,32.44,39,75,4.25,4.34,Graz,Q13298
480,0.0,2022-06-15 15:00:00,28.0,26.93,26,20,2.32,2.81,Linz,Q41329
481,0.0,2022-06-15 18:00:00,25.74,25.44,41,16,1.16,1.38,Linz,Q41329
482,0.0,2022-06-15 21:00:00,20.11,19.77,61,44,1.57,1.53,Linz,Q41329
483,0.0,2022-06-16 00:00:00,14.35,14.06,85,36,1.25,1.27,Linz,Q41329
484,0.0,2022-06-16 03:00:00,13.45,13.2,90,12,0.48,0.56,Linz,Q41329
485,0.0,2022-06-16 06:00:00,18.72,18.63,76,13,0.93,1.11,Linz,Q41329
486,0.2,2022-06-16 09:00:00,23.94,24.01,62,51,3.55,4.96,Linz,Q41329
487,0.47,2022-06-16 12:00:00,23.98,24.24,69,58,2.8,4.92,Linz,Q41329
488,0.97,2022-06-16 15:00:00,25.22,25.52,66,20,5.24,8.78,Linz,Q41329
489,1.0,2022-06-16 18:00:00,17.33,17.55,93,45,0.43,1.65,Linz,Q41329
490,0.35,2022-06-16 21:00:00,14.99,14.97,93,37,1.1,1.22,Linz,Q41329
491,0.31,2022-06-17 00:00:00,14.0,13.86,92,42,1.16,1.14,Linz,Q41329
492,0.19,2022-06-17 03:00:00,13.23,12.96,90,100,1.41,1.56,Linz,Q41329
493,0.27,2022-06-17 06:00:00,16.81,16.69,82,100,0.27,0.83,Linz,Q41329
494,0.34,2022-06-17 09:00:00,22.33,22.11,57,64,0.4,2.07,Linz,Q41329
495,0.31,2022-06-17 12:00:00,23.27,23.11,56,52,2.84,4.36,Linz,Q41329
496,0.0,2022-06-17 15:00:00,24.41,24.24,51,83,3.31,4.85,Linz,Q41329
497,0.0,2022-06-17 18:00:00,20.45,20.43,72,92,1.4,1.78,Linz,Q41329
498,0.01,2022-06-17 21:00:00,16.28,15.95,76,100,0.49,1.04,Linz,Q41329
499,0.0,2022-06-18 00:00:00,14.51,14.13,81,99,0.38,0.63,Linz,Q41329
500,0.0,2022-06-18 03:00:00,13.03,12.66,87,80,0.17,0.49,Linz,Q41329
501,0.0,2022-06-18 06:00:00,17.98,17.77,74,70,1.04,1.66,Linz,Q41329
502,0.0,2022-06-18 09:00:00,23.19,23.05,57,39,1.88,2.52,Linz,Q41329
503,0.0,2022-06-18 12:00:00,26.57,26.57,46,29,1.54,1.48,Linz,Q41329
504,0.0,2022-06-18 15:00:00,26.81,27.08,47,4,1.81,1.73,Linz,Q41329
505,0.0,2022-06-18 18:00:00,22.8,23.02,72,2,1.69,1.78,Linz,Q41329
506,0.0,2022-06-18 21:00:00,18.03,17.93,78,2,2.15,2.13,Linz,Q41329
507,0.0,2022-06-19 00:00:00,16.27,16.07,81,1,2.5,3.67,Linz,Q41329
508,0.0,2022-06-19 03:00:00,14.92,14.61,82,0,1.9,2.03,Linz,Q41329
509,0.0,2022-06-19 06:00:00,19.83,19.72,71,2,1.96,3.5,Linz,Q41329
510,0.0,2022-06-19 09:00:00,25.55,25.65,57,6,1.32,2.12,Linz,Q41329
511,0.0,2022-06-19 12:00:00,29.89,30.59,48,3,2.06,3.4,Linz,Q41329
512,0.0,2022-06-19 15:00:00,31.54,32.71,46,0,1.82,3.36,Linz,Q41329
513,0.0,2022-06-19 18:00:00,27.15,29.02,69,0,0.83,1.08,Linz,Q41329
514,0.03,2022-06-19 21:00:00,22.7,23.09,79,32,0.37,0.82,Linz,Q41329
515,0.0,2022-06-20 00:00:00,20.86,21.25,86,50,0.56,0.78,Linz,Q41329
516,0.76,2022-06-20 03:00:00,19.87,20.24,89,64,3.44,10.16,Linz,Q41329
517,0.66,2022-06-20 06:00:00,21.11,21.52,86,82,2.81,10.7,Linz,Q41329
518,0.19,2022-06-20 09:00:00,26.24,26.24,66,88,5.74,8.53,Linz,Q41329
519,0.53,2022-06-20 12:00:00,28.81,30.16,56,57,4.66,6.46,Linz,Q41329
520,0.28,2022-06-15 15:00:00,28.29,28.68,49,20,2.27,2.95,Salzburg,Q34713
521,0.39,2022-06-15 18:00:00,26.0,26.0,60,15,1.37,1.36,Salzburg,Q34713
522,0.28,2022-06-15 21:00:00,20.35,20.4,75,7,2.93,3.44,Salzburg,Q34713
523,0.24,2022-06-16 00:00:00,15.8,15.66,85,3,2.39,2.36,Salzburg,Q34713
524,0.0,2022-06-16 03:00:00,15.42,15.16,82,6,1.9,1.75,Salzburg,Q34713
525,0.0,2022-06-16 06:00:00,21.34,21.31,68,9,0.5,1.11,Salzburg,Q34713
526,0.47,2022-06-16 09:00:00,24.16,24.28,63,72,1.71,3.12,Salzburg,Q34713
527,0.91,2022-06-16 12:00:00,24.2,24.58,73,74,1.89,3.22,Salzburg,Q34713
528,0.8,2022-06-16 15:00:00,21.79,22.24,85,78,2.25,5.47,Salzburg,Q34713
529,0.87,2022-06-16 18:00:00,19.95,20.3,88,75,2.53,4.52,Salzburg,Q34713
530,0.89,2022-06-16 21:00:00,16.13,16.17,91,38,2.42,2.33,Salzburg,Q34713
531,0.84,2022-06-17 00:00:00,15.61,15.63,92,59,2.03,1.81,Salzburg,Q34713
532,0.41,2022-06-17 03:00:00,14.97,14.9,91,100,1.53,1.43,Salzburg,Q34713
533,0.56,2022-06-17 06:00:00,17.41,17.56,90,97,1.07,1.88,Salzburg,Q34713
534,0.69,2022-06-17 09:00:00,20.65,20.62,71,55,1.95,2.88,Salzburg,Q34713
535,0.53,2022-06-17 12:00:00,22.69,22.56,59,39,2.38,4.24,Salzburg,Q34713
536,0.27,2022-06-17 15:00:00,22.79,22.74,62,69,2.98,4.18,Salzburg,Q34713
537,0.24,2022-06-17 18:00:00,19.19,19.25,80,84,0.38,0.45,Salzburg,Q34713
538,0.0,2022-06-17 21:00:00,15.71,15.58,86,94,2.47,2.12,Salzburg,Q34713
539,0.0,2022-06-18 00:00:00,14.83,14.56,84,94,2.19,1.96,Salzburg,Q34713
540,0.0,2022-06-18 03:00:00,14.05,13.65,82,71,2.32,2.04,Salzburg,Q34713
541,0.0,2022-06-18 06:00:00,19.71,19.46,66,81,0.81,1.44,Salzburg,Q34713
542,0.0,2022-06-18 09:00:00,24.48,24.26,49,67,1.23,1.1,Salzburg,Q34713
543,0.0,2022-06-18 12:00:00,26.78,26.85,43,46,1.81,1.72,Salzburg,Q34713
544,0.0,2022-06-18 15:00:00,27.0,27.3,48,4,2.32,2.47,Salzburg,Q34713
545,0.0,2022-06-18 18:00:00,22.35,22.65,77,2,0.77,1.14,Salzburg,Q34713
546,0.0,2022-06-18 21:00:00,18.19,18.13,79,1,2.31,2.38,Salzburg,Q34713
547,0.0,2022-06-19 00:00:00,17.21,17.02,78,0,2.73,3.25,Salzburg,Q34713
548,0.0,2022-06-19 03:00:00,16.77,16.59,80,2,2.92,4.24,Salzburg,Q34713
549,0.0,2022-06-19 06:00:00,22.82,22.96,69,16,2.1,4.05,Salzburg,Q34713
550,0.0,2022-06-19 09:00:00,30.21,30.45,44,0,0.53,1.41,Salzburg,Q34713
551,0.0,2022-06-19 12:00:00,30.99,32.04,47,0,2.4,2.16,Salzburg,Q34713
552,0.03,2022-06-19 15:00:00,30.94,32.71,51,0,2.25,2.31,Salzburg,Q34713
553,0.31,2022-06-19 18:00:00,25.99,25.99,75,14,1.78,2.04,Salzburg,Q34713
554,0.25,2022-06-19 21:00:00,21.63,21.96,81,100,2.73,3.07,Salzburg,Q34713
555,0.28,2022-06-20 00:00:00,20.22,20.44,82,74,2.5,2.93,Salzburg,Q34713
556,0.93,2022-06-20 03:00:00,17.89,18.22,95,85,3.05,4.16,Salzburg,Q34713
557,0.99,2022-06-20 06:00:00,22.36,22.9,86,92,1.24,2.22,Salzburg,Q34713
558,0.56,2022-06-20 09:00:00,26.91,27.9,59,46,2.55,3.99,Salzburg,Q34713
559,0.62,2022-06-20 12:00:00,28.38,29.1,52,68,3.18,4.63,Salzburg,Q34713
560,0.37,2022-06-15 15:00:00,30.03,28.93,32,40,1.69,2.2,Innsbruck,Q1735
561,0.72,2022-06-15 18:00:00,27.4,27.53,46,54,1.09,1.13,Innsbruck,Q1735
562,0.91,2022-06-15 21:00:00,21.3,21.26,68,15,1.77,1.56,Innsbruck,Q1735
563,0.7,2022-06-16 00:00:00,16.14,15.98,83,4,1.75,1.69,Innsbruck,Q1735
564,0.02,2022-06-16 03:00:00,15.37,15.1,82,2,1.72,1.58,Innsbruck,Q1735
565,0.02,2022-06-16 06:00:00,21.38,21.32,67,5,0.96,1.44,Innsbruck,Q1735
566,0.33,2022-06-16 09:00:00,23.84,23.87,61,61,1.42,1.93,Innsbruck,Q1735
567,0.6,2022-06-16 12:00:00,23.73,23.99,70,80,1.35,1.82,Innsbruck,Q1735
568,0.76,2022-06-16 15:00:00,24.35,24.54,65,97,2.0,2.94,Innsbruck,Q1735
569,0.81,2022-06-16 18:00:00,20.27,20.62,87,64,1.7,1.85,Innsbruck,Q1735
570,0.73,2022-06-16 21:00:00,17.87,18.09,91,80,0.25,0.95,Innsbruck,Q1735
571,0.72,2022-06-17 00:00:00,16.76,16.92,93,69,0.82,0.77,Innsbruck,Q1735
572,0.22,2022-06-17 03:00:00,16.82,16.93,91,90,1.21,1.18,Innsbruck,Q1735
573,0.45,2022-06-17 06:00:00,18.94,19.14,86,95,1.29,1.39,Innsbruck,Q1735
574,0.6,2022-06-17 09:00:00,23.8,23.65,54,99,1.55,2.53,Innsbruck,Q1735
575,0.5,2022-06-17 12:00:00,26.6,26.6,36,79,2.46,4.44,Innsbruck,Q1735
576,0.0,2022-06-17 15:00:00,25.76,25.44,40,94,2.61,3.95,Innsbruck,Q1735
577,0.0,2022-06-17 18:00:00,21.25,21.28,71,97,1.96,2.3,Innsbruck,Q1735
578,0.0,2022-06-17 21:00:00,15.73,15.76,92,68,0.33,0.49,Innsbruck,Q1735
579,0.0,2022-06-18 00:00:00,14.96,14.99,95,75,1.34,1.28,Innsbruck,Q1735
580,0.0,2022-06-18 03:00:00,17.11,17.1,85,87,0.99,1.02,Innsbruck,Q1735
581,0.0,2022-06-18 06:00:00,20.84,20.7,66,94,0.2,0.57,Innsbruck,Q1735
582,0.0,2022-06-18 09:00:00,26.76,26.83,43,65,1.57,1.84,Innsbruck,Q1735
583,0.0,2022-06-18 12:00:00,29.16,28.51,37,38,2.24,2.22,Innsbruck,Q1735
584,0.0,2022-06-18 15:00:00,29.28,28.71,38,10,2.46,1.86,Innsbruck,Q1735
585,0.0,2022-06-18 18:00:00,24.42,24.64,66,6,1.74,2.62,Innsbruck,Q1735
586,0.0,2022-06-18 21:00:00,19.19,19.36,84,0,2.35,2.14,Innsbruck,Q1735
587,0.0,2022-06-19 00:00:00,18.3,18.59,92,2,2.63,2.97,Innsbruck,Q1735
588,0.0,2022-06-19 03:00:00,17.86,18.13,93,7,2.43,2.37,Innsbruck,Q1735
589,0.0,2022-06-19 06:00:00,23.69,23.86,67,5,1.95,3.02,Innsbruck,Q1735
590,0.0,2022-06-19 09:00:00,29.76,30.14,46,0,1.33,1.55,Innsbruck,Q1735
591,0.12,2022-06-19 12:00:00,32.9,33.03,37,14,1.02,1.93,Innsbruck,Q1735
592,0.41,2022-06-19 15:00:00,31.78,32.14,41,46,1.45,2.93,Innsbruck,Q1735
593,0.83,2022-06-19 18:00:00,21.34,22.01,95,70,1.35,2.28,Innsbruck,Q1735
594,0.57,2022-06-19 21:00:00,20.17,20.59,90,86,1.81,1.62,Innsbruck,Q1735
595,0.91,2022-06-20 00:00:00,19.06,19.37,90,80,1.69,1.57,Innsbruck,Q1735
596,0.81,2022-06-20 03:00:00,17.89,18.16,93,100,1.66,1.52,Innsbruck,Q1735
597,0.85,2022-06-20 06:00:00,21.82,22.25,84,91,0.5,0.93,Innsbruck,Q1735
598,0.79,2022-06-20 09:00:00,24.81,25.33,76,76,1.61,2.61,Innsbruck,Q1735
599,0.89,2022-06-20 12:00:00,25.39,25.89,73,74,1.36,1.44,Innsbruck,Q1735
